shape_class,apply_local_defect_margin,n,corner_recall_mean,corner_precision_mean,wall_time_ms_mean,wall_time_ms_median
complex,True,225,0.4918568888888889,0.524968,59.449284444444444,49.169
complex,False,225,0.43716666666666665,0.49385066666666666,41.00664888888888,29.928
simple,True,525,0.6061558095238095,0.5095392380952382,51.35056190476191,21.546
simple,False,525,0.6041297142857143,0.5422245714285714,27.80094476190476,16.985
