{
  "shape_id": "car_d064_a0",
  "family": "car",
  "size_px": 64,
  "angle_deg": 0.0,
  "canvas_hw": [112, 112],
  "polygon_xy": [
    [37.072987506865495, 30.463298243023768],
    [73.9270124931345, 30.463298243023768],
    [80.33640814292042, 40.07739171770264],
    [80.33640814292042, 44.88443845504208],
    [85.54404210837147, 44.483851226930454],
    [85.9446293364831, 49.290897964269895],
    [80.33640814292042, 50.09207242049313],
    [80.33640814292042, 72.52495719474383],
    [74.72818694935775, 72.52495719474383],
    [74.72818694935775, 80.53670175697623],
    [64.31291901845563, 80.53670175697623],
    [64.31291901845563, 72.52495719474383],
    [46.68708098154437, 72.52495719474383],
    [46.68708098154437, 80.53670175697623],
    [36.27181305064225, 80.53670175697623],
    [36.27181305064225, 72.52495719474383],
    [30.66359185707958, 72.52495719474383],
    [30.66359185707958, 50.09207242049313],
    [25.055370663516904, 49.290897964269895],
    [25.455957891628525, 44.483851226930454],
    [30.66359185707958, 44.88443845504208],
    [30.66359185707958, 40.07739171770264],
    [37.072987506865495, 30.463298243023768]
  ],
  "corners_xy": [
    [37.072987506865495, 30.463298243023768],
    [73.9270124931345, 30.463298243023768],
    [80.33640814292042, 40.07739171770264],
    [80.33640814292042, 44.88443845504208],
    [85.54404210837147, 44.483851226930454],
    [85.9446293364831, 49.290897964269895],
    [80.33640814292042, 50.09207242049313],
    [80.33640814292042, 72.52495719474383],
    [74.72818694935775, 72.52495719474383],
    [74.72818694935775, 80.53670175697623],
    [64.31291901845563, 80.53670175697623],
    [64.31291901845563, 72.52495719474383],
    [46.68708098154437, 72.52495719474383],
    [46.68708098154437, 80.53670175697623],
    [36.27181305064225, 80.53670175697623],
    [36.27181305064225, 72.52495719474383],
    [30.66359185707958, 72.52495719474383],
    [30.66359185707958, 50.09207242049313],
    [25.055370663516904, 49.290897964269895],
    [25.455957891628525, 44.483851226930454],
    [30.66359185707958, 44.88443845504208],
    [30.66359185707958, 40.07739171770264]
  ],
  "params": {"margin_px": 24}
}
