{
  "shape_id": "plane_d064_a0",
  "family": "plane",
  "size_px": 64,
  "angle_deg": 0.0,
  "canvas_hw": [112, 112],
  "polygon_xy": [
    [51.25138271863255, 46.178406860283346],
    [47.12958983372382, 48.429539897425805],
    [43.927273823140894, 44.87845679658136],
    [41.549316389539705, 50.427024141650804],
    [25.28408754370759, 60.41444536277579],
    [25.220675345478224, 65.17036022997816],
    [51.37820711509128, 57.87795743360119],
    [52.61474498056389, 76.3309071183464],
    [44.0858043187143, 80.54781830059918],
    [43.45168233642065, 85.14520267222812],
    [55.5, 81.37217687758091],
    [67.54831766357935, 85.14520267222812],
    [66.91419568128569, 80.54781830059918],
    [58.38525501943611, 76.3309071183464],
    [59.62179288490872, 57.87795743360119],
    [85.77932465452177, 65.17036022997816],
    [85.71591245629241, 60.41444536277579],
    [69.45068361046029, 50.427024141650804],
    [67.0727261768591, 44.87845679658136],
    [63.87041016627618, 48.429539897425805],
    [59.74861728136745, 46.178406860283346],
    [59.812029479596816, 31.625307366644083],
    [57.87795743360119, 25.85479732777187],
    [53.12204256639881, 25.85479732777187],
    [51.187970520403184, 31.625307366644083],
    [51.25138271863255, 46.178406860283346]
  ],
  "corners_xy": [
    [51.25138271863255, 46.178406860283346],
    [47.12958983372382, 48.429539897425805],
    [43.927273823140894, 44.87845679658136],
    [41.549316389539705, 50.427024141650804],
    [25.28408754370759, 60.41444536277579],
    [25.220675345478224, 65.17036022997816],
    [51.37820711509128, 57.87795743360119],
    [52.61474498056389, 76.3309071183464],
    [44.0858043187143, 80.54781830059918],
    [43.45168233642065, 85.14520267222812],
    [55.5, 81.37217687758091],
    [67.54831766357935, 85.14520267222812],
    [66.91419568128569, 80.54781830059918],
    [58.38525501943611, 76.3309071183464],
    [59.62179288490872, 57.87795743360119],
    [85.77932465452177, 65.17036022997816],
    [85.71591245629241, 60.41444536277579],
    [69.45068361046029, 50.427024141650804],
    [67.0727261768591, 44.87845679658136],
    [63.87041016627618, 48.429539897425805],
    [59.74861728136745, 46.178406860283346],
    [59.812029479596816, 31.625307366644083],
    [57.87795743360119, 25.85479732777187],
    [53.12204256639881, 25.85479732777187],
    [51.187970520403184, 31.625307366644083]
  ],
  "params": {"margin_px": 24, "variant": "coarse"}
}
