{
  "shape_id": "arrow_d320_a0",
  "family": "arrow",
  "size_px": 320,
  "angle_deg": 0.0,
  "canvas_hw": [368, 368],
  "polygon_xy": [
    [183.5, 25.611813768148238],
    [245.03590848010634, 138.96743465255463],
    [209.40985620215002, 138.96743465255463],
    [209.40985620215002, 341.38818623185176],
    [157.59014379784998, 341.38818623185176],
    [157.59014379784998, 138.96743465255463],
    [121.96409151989366, 138.96743465255463],
    [183.5, 25.611813768148238]
  ],
  "corners_xy": [
    [183.5, 25.611813768148238],
    [245.03590848010634, 138.96743465255463],
    [209.40985620215002, 138.96743465255463],
    [209.40985620215002, 341.38818623185176],
    [157.59014379784998, 341.38818623185176],
    [157.59014379784998, 138.96743465255463],
    [121.96409151989366, 138.96743465255463]
  ],
  "params": {"margin_px": 24}
}
