{
  "shape_id": "car_d320_a0",
  "family": "car",
  "size_px": 320,
  "angle_deg": 0.0,
  "canvas_hw": [368, 368],
  "polygon_xy": [
    [91.36493753432748, 58.316491215118845],
    [275.6350624656725, 58.316491215118845],
    [307.68204071460207, 106.38695858851321],
    [307.68204071460207, 130.4221922752104],
    [333.72021054185734, 128.4192561346523],
    [335.7231466824155, 152.45448982134948],
    [307.68204071460207, 156.46036210246567],
    [307.68204071460207, 268.6247859737192],
    [279.64093474678873, 268.6247859737192],
    [279.64093474678873, 308.68350878488116],
    [227.56459509227815, 308.68350878488116],
    [227.56459509227815, 268.6247859737192],
    [139.43540490772185, 268.6247859737192],
    [139.43540490772185, 308.68350878488116],
    [87.35906525321127, 308.68350878488116],
    [87.35906525321127, 268.6247859737192],
    [59.317959285397905, 268.6247859737192],
    [59.317959285397905, 156.46036210246567],
    [31.27685331758451, 152.45448982134948],
    [33.27978945814263, 128.4192561346523],
    [59.317959285397905, 130.4221922752104],
    [59.317959285397905, 106.38695858851321],
    [91.36493753432748, 58.316491215118845]
  ],
  "corners_xy": [
    [91.36493753432748, 58.316491215118845],
    [275.6350624656725, 58.316491215118845],
    [307.68204071460207, 106.38695858851321],
    [307.68204071460207, 130.4221922752104],
    [333.72021054185734, 128.4192561346523],
    [335.7231466824155, 152.45448982134948],
    [307.68204071460207, 156.46036210246567],
    [307.68204071460207, 268.6247859737192],
    [279.64093474678873, 268.6247859737192],
    [279.64093474678873, 308.68350878488116],
    [227.56459509227815, 308.68350878488116],
    [227.56459509227815, 268.6247859737192],
    [139.43540490772185, 268.6247859737192],
    [139.43540490772185, 308.68350878488116],
    [87.35906525321127, 308.68350878488116],
    [87.35906525321127, 268.6247859737192],
    [59.317959285397905, 268.6247859737192],
    [59.317959285397905, 156.46036210246567],
    [31.27685331758451, 152.45448982134948],
    [33.27978945814263, 128.4192561346523],
    [59.317959285397905, 130.4221922752104],
    [59.317959285397905, 106.38695858851321]
  ],
  "params": {"margin_px": 24}
}
