{
  "shape_id": "hexagon_d320_a0",
  "family": "hexagon",
  "size_px": 320,
  "angle_deg": 0.0,
  "canvas_hw": [368, 368],
  "polygon_xy": [
    [183.5, 23.5],
    [322.0640646055102, 103.50000000000001],
    [322.0640646055102, 263.5],
    [183.5, 343.5],
    [44.9359353944898, 263.5],
    [44.93593539448983, 103.49999999999999],
    [183.5, 23.5]
  ],
  "corners_xy": [
    [183.5, 23.5],
    [322.0640646055102, 103.50000000000001],
    [322.0640646055102, 263.5],
    [183.5, 343.5],
    [44.9359353944898, 263.5],
    [44.93593539448983, 103.49999999999999]
  ],
  "params": {"margin_px": 24}
}
