{
  "shape_id": "house_d320_a0",
  "family": "house",
  "size_px": 320,
  "angle_deg": 0.0,
  "canvas_hw": [368, 368],
  "polygon_xy": [
    [183.5, 58.56099048911514],
    [283.4512076087079, 168.50731885869382],
    [283.4512076087079, 308.43900951088483],
    [207.4882898260899, 308.43900951088483],
    [207.4882898260899, 248.46828494566014],
    [159.5117101739101, 248.46828494566014],
    [159.5117101739101, 308.43900951088483],
    [83.54879239129211, 308.43900951088483],
    [83.54879239129211, 168.50731885869382],
    [183.5, 58.56099048911514]
  ],
  "corners_xy": [
    [183.5, 58.56099048911514],
    [283.4512076087079, 168.50731885869382],
    [283.4512076087079, 308.43900951088483],
    [207.4882898260899, 308.43900951088483],
    [207.4882898260899, 248.46828494566014],
    [159.5117101739101, 248.46828494566014],
    [159.5117101739101, 308.43900951088483],
    [83.54879239129211, 308.43900951088483],
    [83.54879239129211, 168.50731885869382]
  ],
  "params": {"margin_px": 24}
}
