{
  "shape_id": "lshape_d320_a0",
  "family": "lshape",
  "size_px": 320,
  "angle_deg": 0.0,
  "canvas_hw": [368, 368],
  "polygon_xy": [
    [95.3652466670818, 49.962494950123954],
    [180.8292498990025, 49.962494950123954],
    [180.8292498990025, 231.57350181795536],
    [271.6347533329182, 231.57350181795536],
    [271.6347533329182, 317.037505049876],
    [95.3652466670818, 317.037505049876],
    [95.3652466670818, 49.962494950123954]
  ],
  "corners_xy": [
    [95.3652466670818, 49.962494950123954],
    [180.8292498990025, 49.962494950123954],
    [180.8292498990025, 231.57350181795536],
    [271.6347533329182, 231.57350181795536],
    [271.6347533329182, 317.037505049876],
    [95.3652466670818, 317.037505049876]
  ],
  "params": {"margin_px": 24}
}
