{
  "shape_id": "plane_d320_a0",
  "family": "plane",
  "size_px": 320,
  "angle_deg": 0.0,
  "canvas_hw": [368, 368],
  "polygon_xy": [
    [162.06052746747014, 138.16444870725456],
    [141.94506997973195, 149.09156082390857],
    [133.77765187210153, 136.77662570849708],
    [118.11279917348224, 138.67491233898147],
    [115.7678568652368, 164.00667006342894],
    [31.493501664823697, 211.8785875263174],
    [31.1585099065029, 232.40879671483373],
    [162.7305109841117, 197.13895016020314],
    [168.9996424612577, 289.9316672150589],
    [125.32309797162472, 314.9603371581685],
    [124.97215422481248, 330.83256570717685],
    [183.5, 315.3112809049808],
    [242.02784577518753, 330.83256570717685],
    [241.67690202837528, 314.9603371581685],
    [198.0003575387423, 289.9316672150589],
    [204.2694890158883, 197.13895016020314],
    [335.8414900934971, 232.40879671483373],
    [335.5064983351763, 211.8785875263174],
    [251.2321431347632, 164.00667006342894],
    [248.88720082651776, 138.67491233898147],
    [233.22234812789847, 136.77662570849708],
    [225.05493002026805, 149.09156082390857],
    [204.93947253252986, 138.16444870725456],
    [205.17875235990184, 65.05648545086743],
    [189.6734195461972, 36.16743429282312],
    [177.3265804538028, 36.16743429282312],
    [161.82124764009816, 65.05648545086743],
    [162.06052746747014, 138.16444870725456]
  ],
  "corners_xy": [
    [162.06052746747014, 138.16444870725456],
    [141.94506997973195, 149.09156082390857],
    [133.77765187210153, 136.77662570849708],
    [118.11279917348224, 138.67491233898147],
    [115.7678568652368, 164.00667006342894],
    [31.493501664823697, 211.8785875263174],
    [31.1585099065029, 232.40879671483373],
    [162.7305109841117, 197.13895016020314],
    [168.9996424612577, 289.9316672150589],
    [125.32309797162472, 314.9603371581685],
    [124.97215422481248, 330.83256570717685],
    [183.5, 315.3112809049808],
    [242.02784577518753, 330.83256570717685],
    [241.67690202837528, 314.9603371581685],
    [198.0003575387423, 289.9316672150589],
    [204.2694890158883, 197.13895016020314],
    [335.8414900934971, 232.40879671483373],
    [335.5064983351763, 211.8785875263174],
    [251.2321431347632, 164.00667006342894],
    [248.88720082651776, 138.67491233898147],
    [233.22234812789847, 136.77662570849708],
    [225.05493002026805, 149.09156082390857],
    [204.93947253252986, 138.16444870725456],
    [205.17875235990184, 65.05648545086743],
    [189.6734195461972, 36.16743429282312],
    [177.3265804538028, 36.16743429282312],
    [161.82124764009816, 65.05648545086743]
  ],
  "params": {"margin_px": 24}
}
