{
  "shape_id": "rect_d320_a0",
  "family": "rect",
  "size_px": 320,
  "angle_deg": 0.0,
  "canvas_hw": [368, 368],
  "polygon_xy": [
    [43.634835820553945, 105.79713101141886],
    [323.3651641794461, 105.79713101141886],
    [323.3651641794461, 261.20286898858114],
    [43.634835820553945, 261.20286898858114],
    [43.634835820553945, 105.79713101141886]
  ],
  "corners_xy": [
    [43.634835820553945, 105.79713101141886],
    [323.3651641794461, 105.79713101141886],
    [323.3651641794461, 261.20286898858114],
    [43.634835820553945, 261.20286898858114]
  ],
  "params": {"margin_px": 24, "rect_aspect": 1.8}
}
