{
  "shape_id": "ship_d320_a0",
  "family": "ship",
  "size_px": 320,
  "angle_deg": 0.0,
  "canvas_hw": [368, 368],
  "polygon_xy": [
    [24.05267868081924, 196.7872767765984],
    [73.65851198011994, 193.2440029695055],
    [86.0599703049451, 145.40980657375127],
    [117.94943456878124, 145.40980657375127],
    [126.80761908651351, 102.8905208886364],
    [165.78363096453546, 102.8905208886364],
    [174.64181548226773, 145.40980657375127],
    [206.53127974610388, 145.40980657375127],
    [218.93273807092905, 189.70072916241259],
    [342.9473213191808, 177.29927083758741],
    [286.25494040569424, 264.1094791113636],
    [52.398869137562485, 264.1094791113636],
    [24.05267868081924, 196.7872767765984]
  ],
  "corners_xy": [
    [24.05267868081924, 196.7872767765984],
    [73.65851198011994, 193.2440029695055],
    [86.0599703049451, 145.40980657375127],
    [117.94943456878124, 145.40980657375127],
    [126.80761908651351, 102.8905208886364],
    [165.78363096453546, 102.8905208886364],
    [174.64181548226773, 145.40980657375127],
    [206.53127974610388, 145.40980657375127],
    [218.93273807092905, 189.70072916241259],
    [342.9473213191808, 177.29927083758741],
    [286.25494040569424, 264.1094791113636],
    [52.398869137562485, 264.1094791113636]
  ],
  "params": {"margin_px": 24}
}
