{
  "shape_id": "star_d320_a0",
  "family": "star",
  "size_px": 320,
  "angle_deg": 0.0,
  "canvas_hw": [368, 368],
  "polygon_xy": [
    [183.50000000000003, 49.3391764084858],
    [222.7323446429402, 143.66504514008392],
    [324.56503797917134, 151.82892571504516],
    [246.9792670906271, 218.28939918449498],
    [270.6829880954227, 317.6608235915142],
    [183.5, 264.4097863724467],
    [96.31701190457737, 317.6608235915142],
    [120.02073290937292, 218.28939918449498],
    [42.434962020828664, 151.8289257150452],
    [144.2676553570598, 143.66504514008392],
    [183.50000000000003, 49.3391764084858]
  ],
  "corners_xy": [
    [183.50000000000003, 49.3391764084858],
    [222.7323446429402, 143.66504514008392],
    [324.56503797917134, 151.82892571504516],
    [246.9792670906271, 218.28939918449498],
    [270.6829880954227, 317.6608235915142],
    [183.5, 264.4097863724467],
    [96.31701190457737, 317.6608235915142],
    [120.02073290937292, 218.28939918449498],
    [42.434962020828664, 151.8289257150452],
    [144.2676553570598, 143.66504514008392]
  ],
  "params": {"margin_px": 24, "star_inner_ratio": 0.45}
}
