{
  "shape_id": "tab_d320_a0",
  "family": "tab",
  "size_px": 320,
  "angle_deg": 0.0,
  "canvas_hw": [368, 368],
  "polygon_xy": [
    [81.07049605368321, 60.58459526441986],
    [244.95770236779006, 60.58459526441986],
    [244.95770236779006, 101.55639684294658],
    [285.9295039463168, 101.55639684294658],
    [285.9295039463168, 183.5],
    [244.95770236779006, 183.5],
    [244.95770236779006, 306.4154047355801],
    [81.07049605368321, 306.4154047355801],
    [81.07049605368321, 60.58459526441986]
  ],
  "corners_xy": [
    [81.07049605368321, 60.58459526441986],
    [244.95770236779006, 60.58459526441986],
    [244.95770236779006, 101.55639684294658],
    [285.9295039463168, 101.55639684294658],
    [285.9295039463168, 183.5],
    [244.95770236779006, 183.5],
    [244.95770236779006, 306.4154047355801],
    [81.07049605368321, 306.4154047355801]
  ],
  "params": {"margin_px": 24}
}
