{
  "shape_id": "arrow_d128_a0",
  "family": "arrow",
  "size_px": 128,
  "angle_deg": 0.0,
  "canvas_hw": [176, 176],
  "polygon_xy": [
    [87.5, 24.34472550725929],
    [112.11436339204253, 69.68697386102185],
    [97.86394248086002, 69.68697386102185],
    [97.86394248086002, 150.65527449274072],
    [77.13605751913998, 150.65527449274072],
    [77.13605751913998, 69.68697386102185],
    [62.885636607957466, 69.68697386102185],
    [87.5, 24.34472550725929]
  ],
  "corners_xy": [
    [87.5, 24.34472550725929],
    [112.11436339204253, 69.68697386102185],
    [97.86394248086002, 69.68697386102185],
    [97.86394248086002, 150.65527449274072],
    [77.13605751913998, 150.65527449274072],
    [77.13605751913998, 69.68697386102185],
    [62.885636607957466, 69.68697386102185]
  ],
  "params": {"margin_px": 24}
}
