{
  "shape_id": "car_d128_a0",
  "family": "car",
  "size_px": 128,
  "angle_deg": 0.0,
  "canvas_hw": [176, 176],
  "polygon_xy": [
    [50.64597501373099, 37.426596486047536],
    [124.35402498626901, 37.426596486047536],
    [137.17281628584084, 56.654783435405285],
    [137.17281628584084, 66.26887691008416],
    [147.58808421674294, 65.46770245386091],
    [148.3892586729662, 75.08179592853979],
    [137.17281628584084, 76.68414484098626],
    [137.17281628584084, 121.54991438948767],
    [125.9563738987155, 121.54991438948767],
    [125.9563738987155, 137.57340351395246],
    [105.12583803691126, 137.57340351395246],
    [105.12583803691126, 121.54991438948767],
    [69.87416196308874, 121.54991438948767],
    [69.87416196308874, 137.57340351395246],
    [49.04362610128451, 137.57340351395246],
    [49.04362610128451, 121.54991438948767],
    [37.82718371415916, 121.54991438948767],
    [37.82718371415916, 76.68414484098626],
    [26.610741327033807, 75.08179592853979],
    [27.41191578325705, 65.46770245386091],
    [37.82718371415916, 66.26887691008416],
    [37.82718371415916, 56.654783435405285],
    [50.64597501373099, 37.426596486047536]
  ],
  "corners_xy": [
    [50.64597501373099, 37.426596486047536],
    [124.35402498626901, 37.426596486047536],
    [137.17281628584084, 56.654783435405285],
    [137.17281628584084, 66.26887691008416],
    [147.58808421674294, 65.46770245386091],
    [148.3892586729662, 75.08179592853979],
    [137.17281628584084, 76.68414484098626],
    [137.17281628584084, 121.54991438948767],
    [125.9563738987155, 121.54991438948767],
    [125.9563738987155, 137.57340351395246],
    [105.12583803691126, 137.57340351395246],
    [105.12583803691126, 121.54991438948767],
    [69.87416196308874, 121.54991438948767],
    [69.87416196308874, 137.57340351395246],
    [49.04362610128451, 137.57340351395246],
    [49.04362610128451, 121.54991438948767],
    [37.82718371415916, 121.54991438948767],
    [37.82718371415916, 76.68414484098626],
    [26.610741327033807, 75.08179592853979],
    [27.41191578325705, 65.46770245386091],
    [37.82718371415916, 66.26887691008416],
    [37.82718371415916, 56.654783435405285]
  ],
  "params": {"margin_px": 24}
}
