{
  "shape_id": "hexagon_d128_a0",
  "family": "hexagon",
  "size_px": 128,
  "angle_deg": 0.0,
  "canvas_hw": [176, 176],
  "polygon_xy": [
    [87.5, 23.5],
    [142.92562584220408, 55.5],
    [142.92562584220408, 119.5],
    [87.5, 151.5],
    [32.07437415779592, 119.5],
    [32.07437415779593, 55.49999999999999],
    [87.5, 23.5]
  ],
  "corners_xy": [
    [87.5, 23.5],
    [142.92562584220408, 55.5],
    [142.92562584220408, 119.5],
    [87.5, 151.5],
    [32.07437415779592, 119.5],
    [32.07437415779593, 55.49999999999999]
  ],
  "params": {"margin_px": 24}
}
