{
  "shape_id": "house_d128_a0",
  "family": "house",
  "size_px": 128,
  "angle_deg": 0.0,
  "canvas_hw": [176, 176],
  "polygon_xy": [
    [87.5, 37.524396195646055],
    [127.48048304348316, 81.50292754347753],
    [127.48048304348316, 137.47560380435394],
    [97.09531593043596, 137.47560380435394],
    [97.09531593043596, 113.48731397826405],
    [77.90468406956404, 113.48731397826405],
    [77.90468406956404, 137.47560380435394],
    [47.519516956516846, 137.47560380435394],
    [47.519516956516846, 81.50292754347753],
    [87.5, 37.524396195646055]
  ],
  "corners_xy": [
    [87.5, 37.524396195646055],
    [127.48048304348316, 81.50292754347753],
    [127.48048304348316, 137.47560380435394],
    [97.09531593043596, 137.47560380435394],
    [97.09531593043596, 113.48731397826405],
    [77.90468406956404, 113.48731397826405],
    [77.90468406956404, 137.47560380435394],
    [47.519516956516846, 137.47560380435394],
    [47.519516956516846, 81.50292754347753]
  ],
  "params": {"margin_px": 24}
}
