{
  "shape_id": "lshape_d128_a0",
  "family": "lshape",
  "size_px": 128,
  "angle_deg": 0.0,
  "canvas_hw": [176, 176],
  "polygon_xy": [
    [52.24609866683272, 34.084997980049586],
    [86.43169995960099, 34.084997980049586],
    [86.43169995960099, 106.72940072718214],
    [122.75390133316728, 106.72940072718214],
    [122.75390133316728, 140.9150020199504],
    [52.24609866683272, 140.9150020199504],
    [52.24609866683272, 34.084997980049586]
  ],
  "corners_xy": [
    [52.24609866683272, 34.084997980049586],
    [86.43169995960099, 34.084997980049586],
    [86.43169995960099, 106.72940072718214],
    [122.75390133316728, 106.72940072718214],
    [122.75390133316728, 140.9150020199504],
    [52.24609866683272, 140.9150020199504]
  ],
  "params": {"margin_px": 24}
}
