{
  "shape_id": "plane_d128_a0",
  "family": "plane",
  "size_px": 128,
  "angle_deg": 0.0,
  "canvas_hw": [176, 176],
  "polygon_xy": [
    [78.92421098698806, 69.36577948290183],
    [70.87802799189278, 73.73662432956343],
    [67.61106074884061, 68.81065028339883],
    [61.3451196693929, 69.5699649355926],
    [60.40714274609472, 79.70266802537158],
    [26.69740066592948, 98.85143501052697],
    [26.563403962601164, 107.06351868593349],
    [79.19220439364469, 92.95558006408126],
    [81.69985698450309, 130.07266688602357],
    [64.22923918864988, 140.08413486326742],
    [64.088861689925, 146.43302628287074],
    [87.5, 140.2245123619923],
    [110.911138310075, 146.43302628287074],
    [110.77076081135012, 140.08413486326742],
    [93.30014301549691, 130.07266688602357],
    [95.80779560635531, 92.95558006408126],
    [148.43659603739883, 107.06351868593349],
    [148.30259933407052, 98.85143501052697],
    [114.59285725390528, 79.70266802537158],
    [113.6548803306071, 69.5699649355926],
    [107.38893925115939, 68.81065028339883],
    [104.12197200810722, 73.73662432956343],
    [96.07578901301194, 69.36577948290183],
    [96.17150094396074, 40.12259418034697],
    [89.96936781847889, 28.56697371712925],
    [85.03063218152111, 28.56697371712925],
    [78.82849905603926, 40.12259418034697],
    [78.92421098698806, 69.36577948290183]
  ],
  "corners_xy": [
    [78.92421098698806, 69.36577948290183],
    [70.87802799189278, 73.73662432956343],
    [67.61106074884061, 68.81065028339883],
    [61.3451196693929, 69.5699649355926],
    [60.40714274609472, 79.70266802537158],
    [26.69740066592948, 98.85143501052697],
    [26.563403962601164, 107.06351868593349],
    [79.19220439364469, 92.95558006408126],
    [81.69985698450309, 130.07266688602357],
    [64.22923918864988, 140.08413486326742],
    [64.088861689925, 146.43302628287074],
    [87.5, 140.2245123619923],
    [110.911138310075, 146.43302628287074],
    [110.77076081135012, 140.08413486326742],
    [93.30014301549691, 130.07266688602357],
    [95.80779560635531, 92.95558006408126],
    [148.43659603739883, 107.06351868593349],
    [148.30259933407052, 98.85143501052697],
    [114.59285725390528, 79.70266802537158],
    [113.6548803306071, 69.5699649355926],
    [107.38893925115939, 68.81065028339883],
    [104.12197200810722, 73.73662432956343],
    [96.07578901301194, 69.36577948290183],
    [96.17150094396074, 40.12259418034697],
    [89.96936781847889, 28.56697371712925],
    [85.03063218152111, 28.56697371712925],
    [78.82849905603926, 40.12259418034697]
  ],
  "params": {"margin_px": 24}
}
