{
  "shape_id": "rect_d128_a0",
  "family": "rect",
  "size_px": 128,
  "angle_deg": 0.0,
  "canvas_hw": [176, 176],
  "polygon_xy": [
    [31.55393432822158, 56.418852404567545],
    [143.44606567177843, 56.418852404567545],
    [143.44606567177843, 118.58114759543245],
    [31.55393432822158, 118.58114759543245],
    [31.55393432822158, 56.418852404567545]
  ],
  "corners_xy": [
    [31.55393432822158, 56.418852404567545],
    [143.44606567177843, 56.418852404567545],
    [143.44606567177843, 118.58114759543245],
    [31.55393432822158, 118.58114759543245]
  ],
  "params": {"margin_px": 24, "rect_aspect": 1.8}
}
