{
  "shape_id": "ship_d128_a0",
  "family": "ship",
  "size_px": 128,
  "angle_deg": 0.0,
  "canvas_hw": [176, 176],
  "polygon_xy": [
    [23.7210714723277, 92.81491071063937],
    [43.563404792047976, 91.3976011878022],
    [48.523988121978036, 72.26392262950051],
    [61.2797738275125, 72.26392262950051],
    [64.8230476346054, 55.25620835545456],
    [80.4134523858142, 55.25620835545456],
    [83.9567261929071, 72.26392262950051],
    [96.71251189844156, 72.26392262950051],
    [101.67309522837162, 89.98029166496504],
    [151.2789285276723, 85.01970833503496],
    [128.6019761622777, 119.74379164454544],
    [35.059547655025, 119.74379164454544],
    [23.7210714723277, 92.81491071063937]
  ],
  "corners_xy": [
    [23.7210714723277, 92.81491071063937],
    [43.563404792047976, 91.3976011878022],
    [48.523988121978036, 72.26392262950051],
    [61.2797738275125, 72.26392262950051],
    [64.8230476346054, 55.25620835545456],
    [80.4134523858142, 55.25620835545456],
    [83.9567261929071, 72.26392262950051],
    [96.71251189844156, 72.26392262950051],
    [101.67309522837162, 89.98029166496504],
    [151.2789285276723, 85.01970833503496],
    [128.6019761622777, 119.74379164454544],
    [35.059547655025, 119.74379164454544]
  ],
  "params": {"margin_px": 24}
}
