{
  "shape_id": "star_d128_a0",
  "family": "star",
  "size_px": 128,
  "angle_deg": 0.0,
  "canvas_hw": [176, 176],
  "polygon_xy": [
    [87.5, 33.835670563394316],
    [103.19293785717608, 71.56601805603357],
    [143.92601519166854, 74.83157028601806],
    [112.89170683625085, 101.415759673798],
    [122.37319523816907, 141.16432943660567],
    [87.5, 119.86391454897868],
    [52.62680476183095, 141.16432943660567],
    [62.10829316374917, 101.415759673798],
    [31.073984808331467, 74.83157028601808],
    [71.80706214282392, 71.56601805603357],
    [87.5, 33.835670563394316]
  ],
  "corners_xy": [
    [87.5, 33.835670563394316],
    [103.19293785717608, 71.56601805603357],
    [143.92601519166854, 74.83157028601806],
    [112.89170683625085, 101.415759673798],
    [122.37319523816907, 141.16432943660567],
    [87.5, 119.86391454897868],
    [52.62680476183095, 141.16432943660567],
    [62.10829316374917, 101.415759673798],
    [31.073984808331467, 74.83157028601808],
    [71.80706214282392, 71.56601805603357]
  ],
  "params": {"margin_px": 24, "star_inner_ratio": 0.45}
}
