{
  "shape_id": "tab_d128_a0",
  "family": "tab",
  "size_px": 128,
  "angle_deg": 0.0,
  "canvas_hw": [176, 176],
  "polygon_xy": [
    [46.528198421473284, 38.333838105767946],
    [112.08308094711603, 38.333838105767946],
    [112.08308094711603, 54.72255873717863],
    [128.4718015785267, 54.72255873717863],
    [128.4718015785267, 87.5],
    [112.08308094711603, 87.5],
    [112.08308094711603, 136.66616189423206],
    [46.528198421473284, 136.66616189423206],
    [46.528198421473284, 38.333838105767946]
  ],
  "corners_xy": [
    [46.528198421473284, 38.333838105767946],
    [112.08308094711603, 38.333838105767946],
    [112.08308094711603, 54.72255873717863],
    [128.4718015785267, 54.72255873717863],
    [128.4718015785267, 87.5],
    [112.08308094711603, 87.5],
    [112.08308094711603, 136.66616189423206],
    [46.528198421473284, 136.66616189423206]
  ],
  "params": {"margin_px": 24}
}
