{
  "shape_id": "arrow_d048_a0",
  "family": "arrow",
  "size_px": 48,
  "angle_deg": 0.0,
  "canvas_hw": [96, 96],
  "polygon_xy": [
    [47.5, 23.816772065222235],
    [56.73038627201595, 40.8201151978832],
    [51.386478430322505, 40.8201151978832],
    [51.386478430322505, 71.18322793477776],
    [43.613521569677495, 71.18322793477776],
    [43.613521569677495, 40.8201151978832],
    [38.26961372798405, 40.8201151978832],
    [47.5, 23.816772065222235]
  ],
  "corners_xy": [
    [47.5, 23.816772065222235],
    [56.73038627201595, 40.8201151978832],
    [51.386478430322505, 40.8201151978832],
    [51.386478430322505, 71.18322793477776],
    [43.613521569677495, 71.18322793477776],
    [43.613521569677495, 40.8201151978832],
    [38.26961372798405, 40.8201151978832]
  ],
  "params": {"margin_px": 24}
}
