{
  "shape_id": "hexagon_d048_a0",
  "family": "hexagon",
  "size_px": 48,
  "angle_deg": 0.0,
  "canvas_hw": [96, 96],
  "polygon_xy": [
    [47.5, 23.5],
    [68.28460969082653, 35.5],
    [68.28460969082653, 59.5],
    [47.5, 71.5],
    [26.715390309173472, 59.5],
    [26.715390309173472, 35.5],
    [47.5, 23.5]
  ],
  "corners_xy": [
    [47.5, 23.5],
    [68.28460969082653, 35.5],
    [68.28460969082653, 59.5],
    [47.5, 71.5],
    [26.715390309173472, 59.5],
    [26.715390309173472, 35.5]
  ],
  "params": {"margin_px": 24}
}
