{
  "shape_id": "house_d048_a0",
  "family": "house",
  "size_px": 48,
  "angle_deg": 0.0,
  "canvas_hw": [96, 96],
  "polygon_xy": [
    [47.5, 28.75914857336727],
    [62.49268114130618, 45.25109782880408],
    [62.49268114130618, 66.24085142663273],
    [51.098243473913485, 66.24085142663273],
    [51.098243473913485, 57.24524274184902],
    [43.901756526086515, 57.24524274184902],
    [43.901756526086515, 66.24085142663273],
    [32.50731885869382, 66.24085142663273],
    [32.50731885869382, 45.25109782880408],
    [47.5, 28.75914857336727]
  ],
  "corners_xy": [
    [47.5, 28.75914857336727],
    [62.49268114130618, 45.25109782880408],
    [62.49268114130618, 66.24085142663273],
    [51.098243473913485, 66.24085142663273],
    [51.098243473913485, 57.24524274184902],
    [43.901756526086515, 57.24524274184902],
    [43.901756526086515, 66.24085142663273],
    [32.50731885869382, 66.24085142663273],
    [32.50731885869382, 45.25109782880408]
  ],
  "params": {"margin_px": 24}
}
