{
  "shape_id": "lshape_d048_a0",
  "family": "lshape",
  "size_px": 48,
  "angle_deg": 0.0,
  "canvas_hw": [96, 96],
  "polygon_xy": [
    [34.27978700006227, 27.469374242518594],
    [47.09938748485037, 27.469374242518594],
    [47.09938748485037, 54.711025272693306],
    [60.72021299993773, 54.711025272693306],
    [60.72021299993773, 67.5306257574814],
    [34.27978700006227, 67.5306257574814],
    [34.27978700006227, 27.469374242518594]
  ],
  "corners_xy": [
    [34.27978700006227, 27.469374242518594],
    [47.09938748485037, 27.469374242518594],
    [47.09938748485037, 54.711025272693306],
    [60.72021299993773, 54.711025272693306],
    [60.72021299993773, 67.5306257574814],
    [34.27978700006227, 67.5306257574814]
  ],
  "params": {"margin_px": 24}
}
