{
  "shape_id": "rect_d048_a0",
  "family": "rect",
  "size_px": 48,
  "angle_deg": 0.0,
  "canvas_hw": [96, 96],
  "polygon_xy": [
    [26.520225373083093, 35.84456965171283],
    [68.4797746269169, 35.84456965171283],
    [68.4797746269169, 59.15543034828717],
    [26.520225373083093, 59.15543034828717],
    [26.520225373083093, 35.84456965171283]
  ],
  "corners_xy": [
    [26.520225373083093, 35.84456965171283],
    [68.4797746269169, 35.84456965171283],
    [68.4797746269169, 59.15543034828717],
    [26.520225373083093, 59.15543034828717]
  ],
  "params": {"margin_px": 24, "rect_aspect": 1.8}
}
