{
  "shape_id": "ship_d048_a0",
  "family": "ship",
  "size_px": 48,
  "angle_deg": 0.0,
  "canvas_hw": [96, 96],
  "polygon_xy": [
    [23.582901802122887, 49.49309151648976],
    [31.02377679701799, 48.96160044542582],
    [32.88399554574176, 41.78647098606269],
    [37.66741518531719, 41.78647098606269],
    [38.996142862977024, 35.408578133295464],
    [44.84254464468032, 35.408578133295464],
    [46.17127232234016, 41.78647098606269],
    [50.954691961915586, 41.78647098606269],
    [52.81491071063936, 48.43010937436189],
    [71.41709819787711, 46.56989062563811],
    [62.91324106085413, 59.591421866704536],
    [27.834830370634375, 59.591421866704536],
    [23.582901802122887, 49.49309151648976]
  ],
  "corners_xy": [
    [23.582901802122887, 49.49309151648976],
    [31.02377679701799, 48.96160044542582],
    [32.88399554574176, 41.78647098606269],
    [37.66741518531719, 41.78647098606269],
    [38.996142862977024, 35.408578133295464],
    [44.84254464468032, 35.408578133295464],
    [46.17127232234016, 41.78647098606269],
    [50.954691961915586, 41.78647098606269],
    [52.81491071063936, 48.43010937436189],
    [71.41709819787711, 46.56989062563811],
    [62.91324106085413, 59.591421866704536],
    [27.834830370634375, 59.591421866704536]
  ],
  "params": {"margin_px": 24}
}
