{
  "shape_id": "star_d048_a0",
  "family": "star",
  "size_px": 48,
  "angle_deg": 0.0,
  "canvas_hw": [96, 96],
  "polygon_xy": [
    [47.5, 27.375876461272867],
    [53.38485169644103, 41.52475677101259],
    [68.65975569687569, 42.749338857256774],
    [57.021890063594064, 52.71840987767425],
    [60.5774482143134, 67.62412353872713],
    [47.5, 59.636467955867005],
    [34.42255178568661, 67.62412353872713],
    [37.978109936405936, 52.71840987767425],
    [26.3402443031243, 42.749338857256774],
    [41.61514830355897, 41.52475677101259],
    [47.5, 27.375876461272867]
  ],
  "corners_xy": [
    [47.5, 27.375876461272867],
    [53.38485169644103, 41.52475677101259],
    [68.65975569687569, 42.749338857256774],
    [57.021890063594064, 52.71840987767425],
    [60.5774482143134, 67.62412353872713],
    [47.5, 59.636467955867005],
    [34.42255178568661, 67.62412353872713],
    [37.978109936405936, 52.71840987767425],
    [26.3402443031243, 42.749338857256774],
    [41.61514830355897, 41.52475677101259]
  ],
  "params": {"margin_px": 24, "star_inner_ratio": 0.45}
}
