{
  "shape_id": "tab_d048_a0",
  "family": "tab",
  "size_px": 48,
  "angle_deg": 0.0,
  "canvas_hw": [96, 96],
  "polygon_xy": [
    [32.13557440805248, 29.06268928966298],
    [56.71865535516851, 29.06268928966298],
    [56.71865535516851, 35.208459526441985],
    [62.86442559194752, 35.208459526441985],
    [62.86442559194752, 47.5],
    [56.71865535516851, 47.5],
    [56.71865535516851, 65.93731071033702],
    [32.13557440805248, 65.93731071033702],
    [32.13557440805248, 29.06268928966298]
  ],
  "corners_xy": [
    [32.13557440805248, 29.06268928966298],
    [56.71865535516851, 29.06268928966298],
    [56.71865535516851, 35.208459526441985],
    [62.86442559194752, 35.208459526441985],
    [62.86442559194752, 47.5],
    [56.71865535516851, 47.5],
    [56.71865535516851, 65.93731071033702],
    [32.13557440805248, 65.93731071033702]
  ],
  "params": {"margin_px": 24}
}
